"season","week","kickoff","home_team","home_score","visitors_score","visiting_team","netscore","homewin","date","wiki_home","wiki_visitor","wiki_diff"
2013,1,"2013-09-05T19:30:00-05:00","Broncos",49,27,"Ravens",22,1,"2013-09-05",82.5243,77.193,5.3313
2013,1,"2013-09-08T12:00:00-05:00","Bears",24,21,"Bengals",3,1,"2013-09-08",56.6038,46.9565,9.6473
2013,1,"2013-09-08T12:00:00-05:00","Bills",21,23,"Patriots",-2,0,"2013-09-08",31.7308,84.8739,-53.1431
2013,1,"2013-09-08T12:00:00-05:00","Browns",10,23,"Dolphins",-13,0,"2013-09-08",16.9231,38.0531,-21.13
2013,1,"2013-09-08T12:00:00-05:00","Colts",21,17,"Raiders",4,1,"2013-09-08",48,12.9032,35.0968
2013,1,"2013-09-08T12:00:00-05:00","Jaguars",2,28,"Chiefs",-26,0,"2013-09-08",15.2381,27.8351,-12.597
2013,1,"2013-09-08T12:00:00-05:00","Jets",18,17,"Buccaneers",1,1,"2013-09-08",25.1968,39.1304,-13.9336
2013,1,"2013-09-08T12:00:00-05:00","Lions",34,24,"Vikings",10,1,"2013-09-08",50,46.4286,3.5714
2013,1,"2013-09-08T12:00:00-05:00","Panthers",7,12,"Seahawks",-5,0,"2013-09-08",28.972,83.6066,-54.6346
2013,1,"2013-09-08T12:00:00-05:00","Saints",23,17,"Falcons",6,1,"2013-09-08",75,80.4124,-5.41240000000001
2013,1,"2013-09-08T12:00:00-05:00","Steelers",9,16,"Titans",-7,0,"2013-09-08",56.9106,22.0339,34.8767
2013,1,"2013-09-08T15:25:00-05:00","49ers",34,28,"Packers",6,1,"2013-09-08",82.2034,79.845,2.3584
2013,1,"2013-09-08T15:25:00-05:00","Rams",27,24,"Cardinals",3,1,"2013-09-08",33.9806,42.1488,-8.1682
2013,1,"2013-09-08T19:30:00-05:00","Cowboys",36,31,"Giants",5,1,"2013-09-08",47.8632,63.964,-16.1008
2013,1,"2013-09-09T18:10:00-05:00","Redskins",27,33,"Eagles",-6,0,"2013-09-09",48.6957,37.8151,10.8806
2013,1,"2013-09-09T21:20:00-05:00","Chargers",28,31,"Texans",-3,0,"2013-09-09",40.4959,74.2647,-33.7688
2013,2,"2013-09-12T19:25:00-05:00","Patriots",13,10,"Jets",3,1,"2013-09-12",84.8739,25.1968,59.6771
2013,2,"2013-09-15T12:00:00-05:00","Bears",31,30,"Vikings",1,1,"2013-09-15",56.6038,46.4286,10.1752
2013,2,"2013-09-15T12:00:00-05:00","Bills",24,23,"Panthers",1,1,"2013-09-15",31.7308,28.972,2.7588
2013,2,"2013-09-15T12:00:00-05:00","Chiefs",17,16,"Cowboys",1,1,"2013-09-15",27.8351,47.8632,-20.0281
2013,2,"2013-09-15T12:00:00-05:00","Colts",20,24,"Dolphins",-4,0,"2013-09-15",48,38.0531,9.9469
2013,2,"2013-09-15T12:00:00-05:00","Eagles",30,33,"Chargers",-3,0,"2013-09-15",37.8151,40.4959,-2.6808
2013,2,"2013-09-15T12:00:00-05:00","Falcons",31,24,"Rams",7,1,"2013-09-15",80.4124,33.9806,46.4318
2013,2,"2013-09-15T12:00:00-05:00","Packers",38,20,"Redskins",18,1,"2013-09-15",79.845,48.6957,31.1493
2013,2,"2013-09-15T12:00:00-05:00","Ravens",14,6,"Browns",8,1,"2013-09-15",77.193,16.9231,60.2699
2013,2,"2013-09-15T12:00:00-05:00","Texans",30,24,"Titans",6,1,"2013-09-15",74.2647,22.0339,52.2308
2013,2,"2013-09-15T15:05:00-05:00","Buccaneers",14,16,"Saints",-2,0,"2013-09-15",39.1304,75,-35.8696
2013,2,"2013-09-15T15:05:00-05:00","Cardinals",25,21,"Lions",4,1,"2013-09-15",42.1488,50,-7.8512
2013,2,"2013-09-15T15:25:00-05:00","Giants",23,41,"Broncos",-18,0,"2013-09-15",63.964,82.5243,-18.5603
2013,2,"2013-09-15T15:25:00-05:00","Raiders",19,9,"Jaguars",10,1,"2013-09-15",12.9032,15.2381,-2.3349
2013,2,"2013-09-15T19:30:00-05:00","Seahawks",29,3,"49ers",26,1,"2013-09-15",83.6066,82.2034,1.4032
2013,2,"2013-09-16T19:40:00-05:00","Bengals",20,10,"Steelers",10,1,"2013-09-16",46.9565,56.9106,-9.9541
2013,3,"2013-09-19T19:25:00-05:00","Eagles",16,26,"Chiefs",-10,0,"2013-09-19",37.8151,27.8351,9.98
2013,3,"2013-09-22T12:00:00-05:00","Bengals",34,30,"Packers",4,1,"2013-09-22",46.9565,79.845,-32.8885
2013,3,"2013-09-22T12:00:00-05:00","Cowboys",31,7,"Rams",24,1,"2013-09-22",47.8632,33.9806,13.8826
2013,3,"2013-09-22T12:00:00-05:00","Panthers",38,0,"Giants",38,1,"2013-09-22",28.972,63.964,-34.992
2013,3,"2013-09-22T12:00:00-05:00","Patriots",23,3,"Buccaneers",20,1,"2013-09-22",84.8739,39.1304,45.7435
2013,3,"2013-09-22T12:00:00-05:00","Ravens",30,9,"Texans",21,1,"2013-09-22",77.193,74.2647,2.92829999999999
2013,3,"2013-09-22T12:00:00-05:00","Redskins",20,27,"Lions",-7,0,"2013-09-22",48.6957,50,-1.3043
2013,3,"2013-09-22T12:00:00-05:00","Saints",31,7,"Cardinals",24,1,"2013-09-22",75,42.1488,32.8512
2013,3,"2013-09-22T12:00:00-05:00","Titans",20,17,"Chargers",3,1,"2013-09-22",22.0339,40.4959,-18.462
2013,3,"2013-09-22T12:00:00-05:00","Vikings",27,31,"Browns",-4,0,"2013-09-22",46.4286,16.9231,29.5055
2013,3,"2013-09-22T15:05:00-05:00","Dolphins",27,23,"Falcons",4,1,"2013-09-22",38.0531,80.4124,-42.3593
2013,3,"2013-09-22T15:25:00-05:00","49ers",7,27,"Colts",-20,0,"2013-09-22",82.2034,48,34.2034
2013,3,"2013-09-22T15:25:00-05:00","Jets",27,20,"Bills",7,1,"2013-09-22",25.1968,31.7308,-6.534
2013,3,"2013-09-22T15:25:00-05:00","Seahawks",45,17,"Jaguars",28,1,"2013-09-22",83.6066,15.2381,68.3685
2013,3,"2013-09-22T19:30:00-05:00","Steelers",23,40,"Bears",-17,0,"2013-09-22",56.9106,56.6038,0.306800000000003
2013,3,"2013-09-23T19:40:00-05:00","Broncos",37,21,"Raiders",16,1,"2013-09-23",82.5243,12.9032,69.6211
2013,4,"2013-09-26T19:25:00-05:00","Rams",11,35,"49ers",-24,0,"2013-09-26",33.9806,82.2034,-48.2228
2013,4,"2013-09-29T12:00:00-05:00","Bills",23,20,"Ravens",3,1,"2013-09-29",31.7308,77.193,-45.4622
2013,4,"2013-09-29T12:00:00-05:00","Browns",17,6,"Bengals",11,1,"2013-09-29",16.9231,46.9565,-30.0334
2013,4,"2013-09-29T12:00:00-05:00","Buccaneers",10,13,"Cardinals",-3,0,"2013-09-29",39.1304,42.1488,-3.0184
2013,4,"2013-09-29T12:00:00-05:00","Chiefs",31,7,"Giants",24,1,"2013-09-29",27.8351,63.964,-36.1289
2013,4,"2013-09-29T12:00:00-05:00","Jaguars",3,37,"Colts",-34,0,"2013-09-29",15.2381,48,-32.7619
2013,4,"2013-09-29T12:00:00-05:00","Lions",40,32,"Bears",8,1,"2013-09-29",50,56.6038,-6.6038
2013,4,"2013-09-29T12:00:00-05:00","Texans",20,23,"Seahawks",-3,0,"2013-09-29",74.2647,83.6066,-9.3419
2013,4,"2013-09-29T12:00:00-05:00","Vikings",34,27,"Steelers",7,1,"2013-09-29",46.4286,56.9106,-10.482
2013,4,"2013-09-29T15:05:00-05:00","Titans",38,13,"Jets",25,1,"2013-09-29",22.0339,25.1968,-3.1629
2013,4,"2013-09-29T15:25:00-05:00","Broncos",52,20,"Eagles",32,1,"2013-09-29",82.5243,37.8151,44.7092
2013,4,"2013-09-29T15:25:00-05:00","Chargers",30,21,"Cowboys",9,1,"2013-09-29",40.4959,47.8632,-7.3673
2013,4,"2013-09-29T15:25:00-05:00","Raiders",14,24,"Redskins",-10,0,"2013-09-29",12.9032,48.6957,-35.7925
2013,4,"2013-09-29T19:30:00-05:00","Falcons",23,30,"Patriots",-7,0,"2013-09-29",80.4124,84.8739,-4.4615
2013,4,"2013-09-30T19:40:00-05:00","Saints",38,17,"Dolphins",21,1,"2013-09-30",75,38.0531,36.9469
2013,5,"2013-10-03T19:25:00-05:00","Browns",37,24,"Bills",13,1,"2013-10-03",16.9231,31.7308,-14.8077
2013,5,"2013-10-06T12:00:00-05:00","Bears",18,26,"Saints",-8,0,"2013-10-06",56.6038,75,-18.3962
2013,5,"2013-10-06T12:00:00-05:00","Bengals",13,6,"Patriots",7,1,"2013-10-06",46.9565,84.8739,-37.9174
2013,5,"2013-10-06T12:00:00-05:00","Colts",34,28,"Seahawks",6,1,"2013-10-06",48,83.6066,-35.6066
2013,5,"2013-10-06T12:00:00-05:00","Dolphins",23,26,"Ravens",-3,0,"2013-10-06",38.0531,77.193,-39.1399
2013,5,"2013-10-06T12:00:00-05:00","Giants",21,36,"Eagles",-15,0,"2013-10-06",63.964,37.8151,26.1489
2013,5,"2013-10-06T12:00:00-05:00","Packers",22,9,"Lions",13,1,"2013-10-06",79.845,50,29.845
2013,5,"2013-10-06T12:00:00-05:00","Rams",34,20,"Jaguars",14,1,"2013-10-06",33.9806,15.2381,18.7425
2013,5,"2013-10-06T12:00:00-05:00","Titans",17,26,"Chiefs",-9,0,"2013-10-06",22.0339,27.8351,-5.8012
2013,5,"2013-10-06T15:05:00-05:00","Cardinals",22,6,"Panthers",16,1,"2013-10-06",42.1488,28.972,13.1768
2013,5,"2013-10-06T15:25:00-05:00","Cowboys",48,51,"Broncos",-3,0,"2013-10-06",47.8632,82.5243,-34.6611
2013,5,"2013-10-06T15:25:00-05:00","Raiders",27,17,"Chargers",10,1,"2013-10-06",12.9032,40.4959,-27.5927
2013,5,"2013-10-06T19:30:00-05:00","49ers",34,3,"Texans",31,1,"2013-10-06",82.2034,74.2647,7.9387
2013,6,"2013-10-10T19:25:00-05:00","Bears",27,21,"Giants",6,1,"2013-10-10",56.6038,63.964,-7.3602
2013,6,"2013-10-13T12:00:00-05:00","Bills",24,27,"Bengals",-3,0,"2013-10-13",31.7308,46.9565,-15.2257
2013,6,"2013-10-13T12:00:00-05:00","Browns",17,31,"Lions",-14,0,"2013-10-13",16.9231,50,-33.0769
2013,6,"2013-10-13T12:00:00-05:00","Buccaneers",20,31,"Eagles",-11,0,"2013-10-13",39.1304,37.8151,1.3153
2013,6,"2013-10-13T12:00:00-05:00","Chiefs",24,7,"Raiders",17,1,"2013-10-13",27.8351,12.9032,14.9319
2013,6,"2013-10-13T12:00:00-05:00","Jets",6,19,"Steelers",-13,0,"2013-10-13",25.1968,56.9106,-31.7138
2013,6,"2013-10-13T12:00:00-05:00","Ravens",17,19,"Packers",-2,0,"2013-10-13",77.193,79.845,-2.652
2013,6,"2013-10-13T12:00:00-05:00","Texans",13,38,"Rams",-25,0,"2013-10-13",74.2647,33.9806,40.2841
2013,6,"2013-10-13T12:00:00-05:00","Vikings",10,35,"Panthers",-25,0,"2013-10-13",46.4286,28.972,17.4566
2013,6,"2013-10-13T15:05:00-05:00","Broncos",35,19,"Jaguars",16,1,"2013-10-13",82.5243,15.2381,67.2862
2013,6,"2013-10-13T15:05:00-05:00","Seahawks",20,13,"Titans",7,1,"2013-10-13",83.6066,22.0339,61.5727
2013,6,"2013-10-13T15:25:00-05:00","49ers",32,20,"Cardinals",12,1,"2013-10-13",82.2034,42.1488,40.0546
2013,6,"2013-10-13T15:25:00-05:00","Patriots",30,27,"Saints",3,1,"2013-10-13",84.8739,75,9.87390000000001
2013,6,"2013-10-13T19:30:00-05:00","Cowboys",31,16,"Redskins",15,1,"2013-10-13",47.8632,48.6957,-0.832500000000003
2013,6,"2013-10-14T19:40:00-05:00","Chargers",19,9,"Colts",10,1,"2013-10-14",40.4959,48,-7.5041
2013,7,"2013-10-17T19:25:00-05:00","Cardinals",22,34,"Seahawks",-12,0,"2013-10-17",42.1488,83.6066,-41.4578
2013,7,"2013-10-20T12:00:00-05:00","Chiefs",17,16,"Texans",1,1,"2013-10-20",27.8351,74.2647,-46.4296
2013,7,"2013-10-20T12:00:00-05:00","Dolphins",21,23,"Bills",-2,0,"2013-10-20",38.0531,31.7308,6.3223
2013,7,"2013-10-20T12:00:00-05:00","Eagles",3,17,"Cowboys",-14,0,"2013-10-20",37.8151,47.8632,-10.0481
2013,7,"2013-10-20T12:00:00-05:00","Falcons",31,23,"Buccaneers",8,1,"2013-10-20",80.4124,39.1304,41.282
2013,7,"2013-10-20T12:00:00-05:00","Jaguars",6,24,"Chargers",-18,0,"2013-10-20",15.2381,40.4959,-25.2578
2013,7,"2013-10-20T12:00:00-05:00","Jets",30,27,"Patriots",3,1,"2013-10-20",25.1968,84.8739,-59.6771
2013,7,"2013-10-20T12:00:00-05:00","Lions",24,27,"Bengals",-3,0,"2013-10-20",50,46.9565,3.0435
2013,7,"2013-10-20T12:00:00-05:00","Panthers",30,15,"Rams",15,1,"2013-10-20",28.972,33.9806,-5.0086
2013,7,"2013-10-20T12:00:00-05:00","Redskins",45,41,"Bears",4,1,"2013-10-20",48.6957,56.6038,-7.9081
2013,7,"2013-10-20T15:05:00-05:00","Titans",17,31,"49ers",-14,0,"2013-10-20",22.0339,82.2034,-60.1695
2013,7,"2013-10-20T15:25:00-05:00","Packers",31,13,"Browns",18,1,"2013-10-20",79.845,16.9231,62.9219
2013,7,"2013-10-20T15:25:00-05:00","Steelers",19,16,"Ravens",3,1,"2013-10-20",56.9106,77.193,-20.2824
2013,7,"2013-10-20T19:30:00-05:00","Colts",39,33,"Broncos",6,1,"2013-10-20",48,82.5243,-34.5243
2013,7,"2013-10-21T19:40:00-05:00","Giants",23,7,"Vikings",16,1,"2013-10-21",63.964,46.4286,17.5354
2013,8,"2013-10-24T19:25:00-05:00","Buccaneers",13,31,"Panthers",-18,0,"2013-10-24",39.1304,28.972,10.1584
2013,8,"2013-10-27T12:00:00-05:00","Chiefs",23,17,"Browns",6,1,"2013-10-27",27.8351,16.9231,10.912
2013,8,"2013-10-27T12:00:00-05:00","Eagles",7,15,"Giants",-8,0,"2013-10-27",37.8151,63.964,-26.1489
2013,8,"2013-10-27T12:00:00-05:00","Jaguars",10,42,"49ers",-32,0,"2013-10-27",15.2381,82.2034,-66.9653
2013,8,"2013-10-27T12:00:00-05:00","Lions",31,30,"Cowboys",1,1,"2013-10-27",50,47.8632,2.1368
2013,8,"2013-10-27T12:00:00-05:00","Patriots",27,17,"Dolphins",10,1,"2013-10-27",84.8739,38.0531,46.8208
2013,8,"2013-10-27T12:00:00-05:00","Saints",35,17,"Bills",18,1,"2013-10-27",75,31.7308,43.2692
2013,8,"2013-10-27T15:05:00-05:00","Bengals",49,9,"Jets",40,1,"2013-10-27",46.9565,25.1968,21.7597
2013,8,"2013-10-27T15:05:00-05:00","Raiders",21,18,"Steelers",3,1,"2013-10-27",12.9032,56.9106,-44.0074
2013,8,"2013-10-27T15:25:00-05:00","Broncos",45,21,"Redskins",24,1,"2013-10-27",82.5243,48.6957,33.8286
2013,8,"2013-10-27T15:25:00-05:00","Cardinals",27,13,"Falcons",14,1,"2013-10-27",42.1488,80.4124,-38.2636
2013,8,"2013-10-27T19:30:00-05:00","Vikings",31,44,"Packers",-13,0,"2013-10-27",46.4286,79.845,-33.4164
2013,8,"2013-10-28T19:30:00-05:00","Rams",9,14,"Seahawks",-5,0,"2013-10-28",33.9806,83.6066,-49.626
2013,9,"2013-10-31T19:25:00-05:00","Dolphins",22,20,"Bengals",2,1,"2013-10-31",38.0531,46.9565,-8.9034
2013,9,"2013-11-03T12:00:00-05:00","Bills",13,23,"Chiefs",-10,0,"2013-11-03",31.7308,27.8351,3.8957
2013,9,"2013-11-03T12:00:00-05:00","Cowboys",27,23,"Vikings",4,1,"2013-11-03",47.8632,46.4286,1.4346
2013,9,"2013-11-03T12:00:00-05:00","Jets",26,20,"Saints",6,1,"2013-11-03",25.1968,75,-49.8032
2013,9,"2013-11-03T12:00:00-05:00","Panthers",34,10,"Falcons",24,1,"2013-11-03",28.972,80.4124,-51.4404
2013,9,"2013-11-03T12:00:00-05:00","Rams",21,28,"Titans",-7,0,"2013-11-03",33.9806,22.0339,11.9467
2013,9,"2013-11-03T12:00:00-05:00","Redskins",30,24,"Chargers",6,1,"2013-11-03",48.6957,40.4959,8.1998
2013,9,"2013-11-03T15:05:00-05:00","Raiders",20,49,"Eagles",-29,0,"2013-11-03",12.9032,37.8151,-24.9119
2013,9,"2013-11-03T15:05:00-05:00","Seahawks",27,24,"Buccaneers",3,1,"2013-11-03",83.6066,39.1304,44.4762
2013,9,"2013-11-03T15:25:00-05:00","Browns",24,18,"Ravens",6,1,"2013-11-03",16.9231,77.193,-60.2699
2013,9,"2013-11-03T15:25:00-05:00","Patriots",55,31,"Steelers",24,1,"2013-11-03",84.8739,56.9106,27.9633
2013,9,"2013-11-03T19:30:00-05:00","Texans",24,27,"Colts",-3,0,"2013-11-03",74.2647,48,26.2647
2013,9,"2013-11-04T19:40:00-06:00","Packers",20,27,"Bears",-7,0,"2013-11-04",79.845,56.6038,23.2412
2013,10,"2013-11-07T19:25:00-06:00","Vikings",34,27,"Redskins",7,1,"2013-11-07",46.4286,48.6957,-2.2671
2013,10,"2013-11-10T12:00:00-06:00","Bears",19,21,"Lions",-2,0,"2013-11-10",56.6038,50,6.6038
2013,10,"2013-11-10T12:00:00-06:00","Colts",8,38,"Rams",-30,0,"2013-11-10",48,33.9806,14.0194
2013,10,"2013-11-10T12:00:00-06:00","Falcons",10,33,"Seahawks",-23,0,"2013-11-10",80.4124,83.6066,-3.1942
2013,10,"2013-11-10T12:00:00-06:00","Giants",24,20,"Raiders",4,1,"2013-11-10",63.964,12.9032,51.0608
2013,10,"2013-11-10T12:00:00-06:00","Packers",13,27,"Eagles",-14,0,"2013-11-10",79.845,37.8151,42.0299
2013,10,"2013-11-10T12:00:00-06:00","Ravens",20,17,"Bengals",3,1,"2013-11-10",77.193,46.9565,30.2365
2013,10,"2013-11-10T12:00:00-06:00","Steelers",23,10,"Bills",13,1,"2013-11-10",56.9106,31.7308,25.1798
2013,10,"2013-11-10T12:00:00-06:00","Titans",27,29,"Jaguars",-2,0,"2013-11-10",22.0339,15.2381,6.7958
2013,10,"2013-11-10T15:05:00-06:00","49ers",9,10,"Panthers",-1,0,"2013-11-10",82.2034,28.972,53.2314
2013,10,"2013-11-10T15:25:00-06:00","Cardinals",27,24,"Texans",3,1,"2013-11-10",42.1488,74.2647,-32.1159
2013,10,"2013-11-10T15:25:00-06:00","Chargers",20,28,"Broncos",-8,0,"2013-11-10",40.4959,82.5243,-42.0284
2013,10,"2013-11-10T19:30:00-06:00","Saints",49,17,"Cowboys",32,1,"2013-11-10",75,47.8632,27.1368
2013,10,"2013-11-11T19:40:00-06:00","Buccaneers",22,19,"Dolphins",3,1,"2013-11-11",39.1304,38.0531,1.0773
2013,11,"2013-11-14T19:25:00-06:00","Titans",27,30,"Colts",-3,0,"2013-11-14",22.0339,48,-25.9661
2013,11,"2013-11-17T12:00:00-06:00","Bears",23,20,"Ravens",3,1,"2013-11-17",56.6038,77.193,-20.5892
2013,11,"2013-11-17T12:00:00-06:00","Bengals",41,20,"Browns",21,1,"2013-11-17",46.9565,16.9231,30.0334
2013,11,"2013-11-17T12:00:00-06:00","Bills",37,14,"Jets",23,1,"2013-11-17",31.7308,25.1968,6.534
2013,11,"2013-11-17T12:00:00-06:00","Buccaneers",41,28,"Falcons",13,1,"2013-11-17",39.1304,80.4124,-41.282
2013,11,"2013-11-17T12:00:00-06:00","Dolphins",20,16,"Chargers",4,1,"2013-11-17",38.0531,40.4959,-2.4428
2013,11,"2013-11-17T12:00:00-06:00","Eagles",24,16,"Redskins",8,1,"2013-11-17",37.8151,48.6957,-10.8806
2013,11,"2013-11-17T12:00:00-06:00","Jaguars",14,27,"Cardinals",-13,0,"2013-11-17",15.2381,42.1488,-26.9107
2013,11,"2013-11-17T12:00:00-06:00","Steelers",37,27,"Lions",10,1,"2013-11-17",56.9106,50,6.9106
2013,11,"2013-11-17T12:00:00-06:00","Texans",23,28,"Raiders",-5,0,"2013-11-17",74.2647,12.9032,61.3615
2013,11,"2013-11-17T15:05:00-06:00","Broncos",27,17,"Chiefs",10,1,"2013-11-17",82.5243,27.8351,54.6892
2013,11,"2013-11-17T15:25:00-06:00","Saints",23,20,"49ers",3,1,"2013-11-17",75,82.2034,-7.2034
2013,11,"2013-11-17T15:25:00-06:00","Seahawks",41,20,"Vikings",21,1,"2013-11-17",83.6066,46.4286,37.178
2013,11,"2013-11-17T19:30:00-06:00","Giants",27,13,"Packers",14,1,"2013-11-17",63.964,79.845,-15.881
2013,11,"2013-11-18T19:40:00-06:00","Panthers",24,20,"Patriots",4,1,"2013-11-18",28.972,84.8739,-55.9019
2013,12,"2013-11-21T19:25:00-06:00","Falcons",13,17,"Saints",-4,0,"2013-11-21",80.4124,75,5.41240000000001
2013,12,"2013-11-24T12:00:00-06:00","Browns",11,27,"Steelers",-16,0,"2013-11-24",16.9231,56.9106,-39.9875
2013,12,"2013-11-24T12:00:00-06:00","Chiefs",38,41,"Chargers",-3,0,"2013-11-24",27.8351,40.4959,-12.6608
2013,12,"2013-11-24T12:00:00-06:00","Dolphins",16,20,"Panthers",-4,0,"2013-11-24",38.0531,28.972,9.0811
2013,12,"2013-11-24T12:00:00-06:00","Lions",21,24,"Buccaneers",-3,0,"2013-11-24",50,39.1304,10.8696
2013,12,"2013-11-24T12:00:00-06:00","Packers",26,26,"Vikings",0,0,"2013-11-24",79.845,46.4286,33.4164
2013,12,"2013-11-24T12:00:00-06:00","Rams",42,21,"Bears",21,1,"2013-11-24",33.9806,56.6038,-22.6232
2013,12,"2013-11-24T12:00:00-06:00","Ravens",19,3,"Jets",16,1,"2013-11-24",77.193,25.1968,51.9962
2013,12,"2013-11-24T12:00:00-06:00","Texans",6,13,"Jaguars",-7,0,"2013-11-24",74.2647,15.2381,59.0266
2013,12,"2013-11-24T15:05:00-06:00","Cardinals",40,11,"Colts",29,1,"2013-11-24",42.1488,48,-5.8512
2013,12,"2013-11-24T15:05:00-06:00","Raiders",19,23,"Titans",-4,0,"2013-11-24",12.9032,22.0339,-9.1307
2013,12,"2013-11-24T15:25:00-06:00","Giants",21,24,"Cowboys",-3,0,"2013-11-24",63.964,47.8632,16.1008
2013,12,"2013-11-24T19:30:00-06:00","Patriots",34,31,"Broncos",3,1,"2013-11-24",84.8739,82.5243,2.34960000000001
2013,12,"2013-11-25T19:40:00-06:00","Redskins",6,27,"49ers",-21,0,"2013-11-25",48.6957,82.2034,-33.5077
2013,13,"2013-11-28T11:30:00-06:00","Lions",40,10,"Packers",30,1,"2013-11-28",50,79.845,-29.845
2013,13,"2013-11-28T15:30:00-06:00","Cowboys",31,24,"Raiders",7,1,"2013-11-28",47.8632,12.9032,34.96
2013,13,"2013-11-28T19:30:00-06:00","Ravens",22,20,"Steelers",2,1,"2013-11-28",77.193,56.9106,20.2824
2013,13,"2013-12-01T12:00:00-06:00","Browns",28,32,"Jaguars",-4,0,"2013-12-01",16.9231,15.2381,1.685
2013,13,"2013-12-01T12:00:00-06:00","Chiefs",28,35,"Broncos",-7,0,"2013-12-01",27.8351,82.5243,-54.6892
2013,13,"2013-12-01T12:00:00-06:00","Colts",22,14,"Titans",8,1,"2013-12-01",48,22.0339,25.9661
2013,13,"2013-12-01T12:00:00-06:00","Eagles",24,21,"Cardinals",3,1,"2013-12-01",37.8151,42.1488,-4.3337
2013,13,"2013-12-01T12:00:00-06:00","Jets",3,23,"Dolphins",-20,0,"2013-12-01",25.1968,38.0531,-12.8563
2013,13,"2013-12-01T12:00:00-06:00","Panthers",27,6,"Buccaneers",21,1,"2013-12-01",28.972,39.1304,-10.1584
2013,13,"2013-12-01T12:00:00-06:00","Vikings",23,20,"Bears",3,1,"2013-12-01",46.4286,56.6038,-10.1752
2013,13,"2013-12-01T15:05:00-06:00","49ers",23,13,"Rams",10,1,"2013-12-01",82.2034,33.9806,48.2228
2013,13,"2013-12-01T15:05:00-06:00","Bills",31,34,"Falcons",-3,0,"2013-12-01",31.7308,80.4124,-48.6816
2013,13,"2013-12-01T15:25:00-06:00","Chargers",10,17,"Bengals",-7,0,"2013-12-01",40.4959,46.9565,-6.4606
2013,13,"2013-12-01T15:25:00-06:00","Texans",31,34,"Patriots",-3,0,"2013-12-01",74.2647,84.8739,-10.6092
2013,13,"2013-12-01T19:30:00-06:00","Redskins",17,24,"Giants",-7,0,"2013-12-01",48.6957,63.964,-15.2683
2013,13,"2013-12-02T19:40:00-06:00","Seahawks",34,7,"Saints",27,1,"2013-12-02",83.6066,75,8.6066
2013,14,"2013-12-05T19:25:00-06:00","Jaguars",27,20,"Texans",7,1,"2013-12-05",15.2381,74.2647,-59.0266
2013,14,"2013-12-08T12:00:00-06:00","Bengals",42,28,"Colts",14,1,"2013-12-08",46.9565,48,-1.0435
2013,14,"2013-12-08T12:00:00-06:00","Buccaneers",27,6,"Bills",21,1,"2013-12-08",39.1304,31.7308,7.3996
2013,14,"2013-12-08T12:00:00-06:00","Eagles",34,20,"Lions",14,1,"2013-12-08",37.8151,50,-12.1849
2013,14,"2013-12-08T12:00:00-06:00","Jets",37,27,"Raiders",10,1,"2013-12-08",25.1968,12.9032,12.2936
2013,14,"2013-12-08T12:00:00-06:00","Patriots",27,26,"Browns",1,1,"2013-12-08",84.8739,16.9231,67.9508
2013,14,"2013-12-08T12:00:00-06:00","Ravens",29,26,"Vikings",3,1,"2013-12-08",77.193,46.4286,30.7644
2013,14,"2013-12-08T12:00:00-06:00","Redskins",10,45,"Chiefs",-35,0,"2013-12-08",48.6957,27.8351,20.8606
2013,14,"2013-12-08T12:00:00-06:00","Saints",31,13,"Panthers",18,1,"2013-12-08",75,28.972,46.028
2013,14,"2013-12-08T12:00:00-06:00","Steelers",28,34,"Dolphins",-6,0,"2013-12-08",56.9106,38.0531,18.8575
2013,14,"2013-12-08T15:05:00-06:00","Broncos",51,28,"Titans",23,1,"2013-12-08",82.5243,22.0339,60.4904
2013,14,"2013-12-08T15:25:00-06:00","49ers",19,17,"Seahawks",2,1,"2013-12-08",82.2034,83.6066,-1.4032
2013,14,"2013-12-08T15:25:00-06:00","Cardinals",30,10,"Rams",20,1,"2013-12-08",42.1488,33.9806,8.1682
2013,14,"2013-12-08T15:25:00-06:00","Chargers",37,14,"Giants",23,1,"2013-12-08",40.4959,63.964,-23.4681
2013,14,"2013-12-08T19:30:00-06:00","Packers",22,21,"Falcons",1,1,"2013-12-08",79.845,80.4124,-0.567400000000006
2013,14,"2013-12-09T19:40:00-06:00","Bears",45,28,"Cowboys",17,1,"2013-12-09",56.6038,47.8632,8.7406
2013,15,"2013-12-12T19:25:00-06:00","Broncos",20,27,"Chargers",-7,0,"2013-12-12",82.5243,40.4959,42.0284
2013,15,"2013-12-15T12:00:00-06:00","Browns",31,38,"Bears",-7,0,"2013-12-15",16.9231,56.6038,-39.6807
2013,15,"2013-12-15T12:00:00-06:00","Buccaneers",14,33,"49ers",-19,0,"2013-12-15",39.1304,82.2034,-43.073
2013,15,"2013-12-15T12:00:00-06:00","Colts",25,3,"Texans",22,1,"2013-12-15",48,74.2647,-26.2647
2013,15,"2013-12-15T12:00:00-06:00","Dolphins",24,20,"Patriots",4,1,"2013-12-15",38.0531,84.8739,-46.8208
2013,15,"2013-12-15T12:00:00-06:00","Falcons",27,26,"Redskins",1,1,"2013-12-15",80.4124,48.6957,31.7167
2013,15,"2013-12-15T12:00:00-06:00","Giants",0,23,"Seahawks",-23,0,"2013-12-15",63.964,83.6066,-19.6426
2013,15,"2013-12-15T12:00:00-06:00","Jaguars",20,27,"Bills",-7,0,"2013-12-15",15.2381,31.7308,-16.4927
2013,15,"2013-12-15T12:00:00-06:00","Rams",27,16,"Saints",11,1,"2013-12-15",33.9806,75,-41.0194
2013,15,"2013-12-15T12:00:00-06:00","Titans",34,37,"Cardinals",-3,0,"2013-12-15",22.0339,42.1488,-20.1149
2013,15,"2013-12-15T12:00:00-06:00","Vikings",48,30,"Eagles",18,1,"2013-12-15",46.4286,37.8151,8.6135
2013,15,"2013-12-15T15:05:00-06:00","Panthers",30,20,"Jets",10,1,"2013-12-15",28.972,25.1968,3.7752
2013,15,"2013-12-15T15:05:00-06:00","Raiders",31,56,"Chiefs",-25,0,"2013-12-15",12.9032,27.8351,-14.9319
2013,15,"2013-12-15T15:25:00-06:00","Cowboys",36,37,"Packers",-1,0,"2013-12-15",47.8632,79.845,-31.9818
2013,15,"2013-12-15T19:30:00-06:00","Steelers",30,20,"Bengals",10,1,"2013-12-15",56.9106,46.9565,9.9541
2013,15,"2013-12-16T19:40:00-06:00","Lions",16,18,"Ravens",-2,0,"2013-12-16",50,77.193,-27.193
2013,16,"2013-12-22T12:00:00-06:00","Bengals",42,14,"Vikings",28,1,"2013-12-22",46.9565,46.4286,0.527899999999995
2013,16,"2013-12-22T12:00:00-06:00","Bills",19,0,"Dolphins",19,1,"2013-12-22",31.7308,38.0531,-6.3223
2013,16,"2013-12-22T12:00:00-06:00","Chiefs",7,23,"Colts",-16,0,"2013-12-22",27.8351,48,-20.1649
2013,16,"2013-12-22T12:00:00-06:00","Eagles",54,11,"Bears",43,1,"2013-12-22",37.8151,56.6038,-18.7887
2013,16,"2013-12-22T12:00:00-06:00","Jaguars",16,20,"Titans",-4,0,"2013-12-22",15.2381,22.0339,-6.7958
2013,16,"2013-12-22T12:00:00-06:00","Jets",24,13,"Browns",11,1,"2013-12-22",25.1968,16.9231,8.2737
2013,16,"2013-12-22T12:00:00-06:00","Panthers",17,13,"Saints",4,1,"2013-12-22",28.972,75,-46.028
2013,16,"2013-12-22T12:00:00-06:00","Rams",23,13,"Buccaneers",10,1,"2013-12-22",33.9806,39.1304,-5.1498
2013,16,"2013-12-22T12:00:00-06:00","Redskins",23,24,"Cowboys",-1,0,"2013-12-22",48.6957,47.8632,0.832500000000003
2013,16,"2013-12-22T12:00:00-06:00","Texans",13,37,"Broncos",-24,0,"2013-12-22",74.2647,82.5243,-8.25959999999999
2013,16,"2013-12-22T15:05:00-06:00","Lions",20,23,"Giants",-3,0,"2013-12-22",50,63.964,-13.964
2013,16,"2013-12-22T15:05:00-06:00","Seahawks",10,17,"Cardinals",-7,0,"2013-12-22",83.6066,42.1488,41.4578
2013,16,"2013-12-22T15:25:00-06:00","Chargers",26,13,"Raiders",13,1,"2013-12-22",40.4959,12.9032,27.5927
2013,16,"2013-12-22T15:25:00-06:00","Packers",31,38,"Steelers",-7,0,"2013-12-22",79.845,56.9106,22.9344
2013,16,"2013-12-22T19:30:00-06:00","Ravens",7,41,"Patriots",-34,0,"2013-12-22",77.193,84.8739,-7.68090000000001
2013,16,"2013-12-23T19:40:00-06:00","49ers",34,24,"Falcons",10,1,"2013-12-23",82.2034,80.4124,1.791
2013,17,"2013-12-29T12:00:00-06:00","Bears",28,33,"Packers",-5,0,"2013-12-29",56.6038,79.845,-23.2412
2013,17,"2013-12-29T12:00:00-06:00","Bengals",34,17,"Ravens",17,1,"2013-12-29",46.9565,77.193,-30.2365
2013,17,"2013-12-29T12:00:00-06:00","Colts",30,10,"Jaguars",20,1,"2013-12-29",48,15.2381,32.7619
2013,17,"2013-12-29T12:00:00-06:00","Cowboys",22,24,"Eagles",-2,0,"2013-12-29",47.8632,37.8151,10.0481
2013,17,"2013-12-29T12:00:00-06:00","Dolphins",7,20,"Jets",-13,0,"2013-12-29",38.0531,25.1968,12.8563
2013,17,"2013-12-29T12:00:00-06:00","Falcons",20,21,"Panthers",-1,0,"2013-12-29",80.4124,28.972,51.4404
2013,17,"2013-12-29T12:00:00-06:00","Giants",20,6,"Redskins",14,1,"2013-12-29",63.964,48.6957,15.2683
2013,17,"2013-12-29T12:00:00-06:00","Patriots",34,20,"Bills",14,1,"2013-12-29",84.8739,31.7308,53.1431
2013,17,"2013-12-29T12:00:00-06:00","Saints",42,17,"Buccaneers",25,1,"2013-12-29",75,39.1304,35.8696
2013,17,"2013-12-29T12:00:00-06:00","Steelers",20,7,"Browns",13,1,"2013-12-29",56.9106,16.9231,39.9875
2013,17,"2013-12-29T12:00:00-06:00","Titans",16,10,"Texans",6,1,"2013-12-29",22.0339,74.2647,-52.2308
2013,17,"2013-12-29T12:00:00-06:00","Vikings",14,13,"Lions",1,1,"2013-12-29",46.4286,50,-3.5714
2013,17,"2013-12-29T15:25:00-06:00","Cardinals",20,23,"49ers",-3,0,"2013-12-29",42.1488,82.2034,-40.0546
2013,17,"2013-12-29T15:25:00-06:00","Chargers",27,24,"Chiefs",3,1,"2013-12-29",40.4959,27.8351,12.6608
2013,17,"2013-12-29T15:25:00-06:00","Raiders",14,34,"Broncos",-20,0,"2013-12-29",12.9032,82.5243,-69.6211
2013,17,"2013-12-29T15:25:00-06:00","Seahawks",27,9,"Rams",18,1,"2013-12-29",83.6066,33.9806,49.626
2013,18,"2014-01-04T16:35:00-05:00","Colts",45,44,"Chiefs",1,1,"2014-01-04",48,27.8351,20.1649
2013,18,"2014-01-04T20:10:00-05:00","Eagles",24,26,"Saints",-2,0,"2014-01-04",37.8151,75,-37.1849
2013,18,"2014-01-05T13:05:00-05:00","Bengals",10,27,"Chargers",-17,0,"2014-01-05",46.9565,40.4959,6.4606
2013,18,"2014-01-05T16:40:00-05:00","Packers",20,23,"49ers",-3,0,"2014-01-05",79.845,82.2034,-2.3584
2013,19,"2014-01-11T16:35:00-05:00","Seahawks",23,15,"Saints",8,1,"2014-01-11",83.6066,75,8.6066
2013,19,"2014-01-11T20:15:00-05:00","Patriots",43,22,"Colts",21,1,"2014-01-11",84.8739,48,36.8739
2013,19,"2014-01-12T13:05:00-05:00","Panthers",10,23,"49ers",-13,0,"2014-01-12",28.972,82.2034,-53.2314
2013,19,"2014-01-12T16:40:00-05:00","Broncos",24,17,"Chargers",7,1,"2014-01-12",82.5243,40.4959,42.0284
2013,20,"2014-01-19T15:00:00-05:00","Broncos",26,16,"Patriots",10,1,"2014-01-19",82.5243,84.8739,-2.34960000000001
2013,20,"2014-01-19T18:30:00-05:00","Seahawks",23,17,"49ers",6,1,"2014-01-19",83.6066,82.2034,1.4032
2013,21,"2014-02-02T18:25:00-05:00","Broncos",8,43,"Seahawks",-35,0,"2014-02-02",82.5243,83.6066,-1.0823
2014,1,"2014-09-04T19:30:00-05:00","Seahawks",36,16,"Packers",20,1,"2014-09-04",92.6829,77.4908,15.1921
2014,1,"2014-09-07T12:00:00-05:00","Bears",20,23,"Bills",-3,0,"2014-09-07",66.5289,28.3154,38.2135
2014,1,"2014-09-07T12:00:00-05:00","Chiefs",10,26,"Titans",-16,0,"2014-09-07",53.1136,14.9635,38.1501
2014,1,"2014-09-07T12:00:00-05:00","Dolphins",33,20,"Patriots",13,1,"2014-09-07",28.5714,83.7037,-55.1323
2014,1,"2014-09-07T12:00:00-05:00","Eagles",34,17,"Jaguars",17,1,"2014-09-07",71.374,15.6,55.774
2014,1,"2014-09-07T12:00:00-05:00","Falcons",37,34,"Saints",3,1,"2014-09-07",48.7973,76,-27.2027
2014,1,"2014-09-07T12:00:00-05:00","Jets",19,14,"Raiders",5,1,"2014-09-07",31.7647,25.2918,6.4729
2014,1,"2014-09-07T12:00:00-05:00","Rams",6,34,"Vikings",-28,0,"2014-09-07",37.1542,32.2581,4.8961
2014,1,"2014-09-07T12:00:00-05:00","Ravens",16,23,"Bengals",-7,0,"2014-09-07",60.5263,54.7325,5.7938
2014,1,"2014-09-07T12:00:00-05:00","Steelers",30,27,"Browns",3,1,"2014-09-07",52.8571,29.0323,23.8248
2014,1,"2014-09-07T12:00:00-05:00","Texans",17,6,"Redskins",11,1,"2014-09-07",29.4355,32.7206,-3.2851
2014,1,"2014-09-07T15:25:00-05:00","Buccaneers",14,20,"Panthers",-6,0,"2014-09-07",31.9392,57.3077,-25.3685
2014,1,"2014-09-07T15:25:00-05:00","Cowboys",17,28,"49ers",-11,0,"2014-09-07",29.4498,90.0685,-60.6187
2014,1,"2014-09-07T19:30:00-05:00","Broncos",31,24,"Colts",7,1,"2014-09-07",84.7015,61.7886,22.9129
2014,1,"2014-09-08T18:10:00-05:00","Lions",35,14,"Giants",21,1,"2014-09-08",53.0075,52.0161,0.991399999999999
2014,1,"2014-09-08T21:20:00-05:00","Cardinals",18,17,"Chargers",1,1,"2014-09-08",43.083,55.9701,-12.8871
2014,2,"2014-09-11T19:25:00-05:00","Ravens",26,6,"Steelers",20,1,"2014-09-11",60.5263,52.8571,7.6692
2014,2,"2014-09-14T12:00:00-05:00","Bengals",24,10,"Falcons",14,1,"2014-09-14",54.7325,48.7973,5.9352
2014,2,"2014-09-14T12:00:00-05:00","Bills",29,10,"Dolphins",19,1,"2014-09-14",28.3154,28.5714,-0.256
2014,2,"2014-09-14T12:00:00-05:00","Browns",26,24,"Saints",2,1,"2014-09-14",29.0323,76,-46.9677
2014,2,"2014-09-14T12:00:00-05:00","Giants",14,25,"Cardinals",-11,0,"2014-09-14",52.0161,43.083,8.9331
2014,2,"2014-09-14T12:00:00-05:00","Panthers",24,7,"Lions",17,1,"2014-09-14",57.3077,53.0075,4.3002
2014,2,"2014-09-14T12:00:00-05:00","Redskins",41,10,"Jaguars",31,1,"2014-09-14",32.7206,15.6,17.1206
2014,2,"2014-09-14T12:00:00-05:00","Titans",10,26,"Cowboys",-16,0,"2014-09-14",14.9635,29.4498,-14.4863
2014,2,"2014-09-14T12:00:00-05:00","Vikings",7,30,"Patriots",-23,0,"2014-09-14",32.2581,83.7037,-51.4456
2014,2,"2014-09-14T15:05:00-05:00","Buccaneers",17,19,"Rams",-2,0,"2014-09-14",31.9392,37.1542,-5.215
2014,2,"2014-09-14T15:05:00-05:00","Chargers",30,21,"Seahawks",9,1,"2014-09-14",55.9701,92.6829,-36.7128
2014,2,"2014-09-14T15:25:00-05:00","Broncos",24,17,"Chiefs",7,1,"2014-09-14",84.7015,53.1136,31.5879
2014,2,"2014-09-14T15:25:00-05:00","Packers",31,24,"Jets",7,1,"2014-09-14",77.4908,31.7647,45.7261
2014,2,"2014-09-14T15:25:00-05:00","Raiders",14,30,"Texans",-16,0,"2014-09-14",25.2918,29.4355,-4.1437
2014,2,"2014-09-14T19:30:00-05:00","49ers",20,28,"Bears",-8,0,"2014-09-14",90.0685,66.5289,23.5396
2014,2,"2014-09-15T19:30:00-05:00","Colts",27,30,"Eagles",-3,0,"2014-09-15",61.7886,71.374,-9.58539999999999
2014,3,"2014-09-18T19:25:00-05:00","Falcons",56,14,"Buccaneers",42,1,"2014-09-18",48.7973,31.9392,16.8581
2014,3,"2014-09-21T12:00:00-05:00","Bengals",33,7,"Titans",26,1,"2014-09-21",54.7325,14.9635,39.769
2014,3,"2014-09-21T12:00:00-05:00","Bills",10,22,"Chargers",-12,0,"2014-09-21",28.3154,55.9701,-27.6547
2014,3,"2014-09-21T12:00:00-05:00","Browns",21,23,"Ravens",-2,0,"2014-09-21",29.0323,60.5263,-31.494
2014,3,"2014-09-21T12:00:00-05:00","Eagles",37,34,"Redskins",3,1,"2014-09-21",71.374,32.7206,38.6534
2014,3,"2014-09-21T12:00:00-05:00","Giants",30,17,"Texans",13,1,"2014-09-21",52.0161,29.4355,22.5806
2014,3,"2014-09-21T12:00:00-05:00","Jaguars",17,44,"Colts",-27,0,"2014-09-21",15.6,61.7886,-46.1886
2014,3,"2014-09-21T12:00:00-05:00","Lions",19,7,"Packers",12,1,"2014-09-21",53.0075,77.4908,-24.4833
2014,3,"2014-09-21T12:00:00-05:00","Patriots",16,9,"Raiders",7,1,"2014-09-21",83.7037,25.2918,58.4119
2014,3,"2014-09-21T12:00:00-05:00","Rams",31,34,"Cowboys",-3,0,"2014-09-21",37.1542,29.4498,7.7044
2014,3,"2014-09-21T12:00:00-05:00","Saints",20,9,"Vikings",11,1,"2014-09-21",76,32.2581,43.7419
2014,3,"2014-09-21T15:05:00-05:00","Cardinals",23,14,"49ers",9,1,"2014-09-21",43.083,90.0685,-46.9855
2014,3,"2014-09-21T15:25:00-05:00","Dolphins",15,34,"Chiefs",-19,0,"2014-09-21",28.5714,53.1136,-24.5422
2014,3,"2014-09-21T15:25:00-05:00","Seahawks",26,20,"Broncos",6,1,"2014-09-21",92.6829,84.7015,7.98140000000001
2014,3,"2014-09-21T19:30:00-05:00","Panthers",19,37,"Steelers",-18,0,"2014-09-21",57.3077,52.8571,4.45059999999999
2014,3,"2014-09-22T19:30:00-05:00","Jets",19,27,"Bears",-8,0,"2014-09-22",31.7647,66.5289,-34.7642
2014,4,"2014-09-25T19:25:00-05:00","Redskins",14,45,"Giants",-31,0,"2014-09-25",32.7206,52.0161,-19.2955
2014,4,"2014-09-28T12:00:00-05:00","Bears",17,38,"Packers",-21,0,"2014-09-28",66.5289,77.4908,-10.9619
2014,4,"2014-09-28T12:00:00-05:00","Colts",41,17,"Titans",24,1,"2014-09-28",61.7886,14.9635,46.8251
2014,4,"2014-09-28T12:00:00-05:00","Jets",17,24,"Lions",-7,0,"2014-09-28",31.7647,53.0075,-21.2428
2014,4,"2014-09-28T12:00:00-05:00","Raiders",14,38,"Dolphins",-24,0,"2014-09-28",25.2918,28.5714,-3.2796
2014,4,"2014-09-28T12:00:00-05:00","Ravens",38,10,"Panthers",28,1,"2014-09-28",60.5263,57.3077,3.2186
2014,4,"2014-09-28T12:00:00-05:00","Steelers",24,27,"Buccaneers",-3,0,"2014-09-28",52.8571,31.9392,20.9179
2014,4,"2014-09-28T12:00:00-05:00","Texans",23,17,"Bills",6,1,"2014-09-28",29.4355,28.3154,1.1201
2014,4,"2014-09-28T15:05:00-05:00","Chargers",33,14,"Jaguars",19,1,"2014-09-28",55.9701,15.6,40.3701
2014,4,"2014-09-28T15:25:00-05:00","49ers",26,21,"Eagles",5,1,"2014-09-28",90.0685,71.374,18.6945
2014,4,"2014-09-28T15:25:00-05:00","Vikings",41,28,"Falcons",13,1,"2014-09-28",32.2581,48.7973,-16.5392
2014,4,"2014-09-28T19:30:00-05:00","Cowboys",38,17,"Saints",21,1,"2014-09-28",29.4498,76,-46.5502
2014,4,"2014-09-29T19:30:00-05:00","Chiefs",41,14,"Patriots",27,1,"2014-09-29",53.1136,83.7037,-30.5901
2014,5,"2014-10-02T19:25:00-05:00","Packers",42,10,"Vikings",32,1,"2014-10-02",77.4908,32.2581,45.2327
2014,5,"2014-10-05T12:00:00-05:00","Colts",20,13,"Ravens",7,1,"2014-10-05",61.7886,60.5263,1.2623
2014,5,"2014-10-05T12:00:00-05:00","Cowboys",20,17,"Texans",3,1,"2014-10-05",29.4498,29.4355,0.0142999999999986
2014,5,"2014-10-05T12:00:00-05:00","Eagles",34,28,"Rams",6,1,"2014-10-05",71.374,37.1542,34.2198
2014,5,"2014-10-05T12:00:00-05:00","Giants",30,20,"Falcons",10,1,"2014-10-05",52.0161,48.7973,3.2188
2014,5,"2014-10-05T12:00:00-05:00","Jaguars",9,17,"Steelers",-8,0,"2014-10-05",15.6,52.8571,-37.2571
2014,5,"2014-10-05T12:00:00-05:00","Lions",14,17,"Bills",-3,0,"2014-10-05",53.0075,28.3154,24.6921
2014,5,"2014-10-05T12:00:00-05:00","Panthers",31,24,"Bears",7,1,"2014-10-05",57.3077,66.5289,-9.2212
2014,5,"2014-10-05T12:00:00-05:00","Saints",37,31,"Buccaneers",6,1,"2014-10-05",76,31.9392,44.0608
2014,5,"2014-10-05T12:00:00-05:00","Titans",28,29,"Browns",-1,0,"2014-10-05",14.9635,29.0323,-14.0688
2014,5,"2014-10-05T15:05:00-05:00","Broncos",41,20,"Cardinals",21,1,"2014-10-05",84.7015,43.083,41.6185
2014,5,"2014-10-05T15:25:00-05:00","49ers",22,17,"Chiefs",5,1,"2014-10-05",90.0685,53.1136,36.9549
2014,5,"2014-10-05T15:25:00-05:00","Chargers",31,0,"Jets",31,1,"2014-10-05",55.9701,31.7647,24.2054
2014,5,"2014-10-05T19:30:00-05:00","Patriots",43,17,"Bengals",26,1,"2014-10-05",83.7037,54.7325,28.9712
2014,5,"2014-10-06T19:30:00-05:00","Redskins",17,27,"Seahawks",-10,0,"2014-10-06",32.7206,92.6829,-59.9623
2014,6,"2014-10-09T19:25:00-05:00","Texans",28,33,"Colts",-5,0,"2014-10-09",29.4355,61.7886,-32.3531
2014,6,"2014-10-12T12:00:00-05:00","Bengals",37,37,"Panthers",0,0,"2014-10-12",54.7325,57.3077,-2.5752
2014,6,"2014-10-12T12:00:00-05:00","Bills",22,37,"Patriots",-15,0,"2014-10-12",28.3154,83.7037,-55.3883
2014,6,"2014-10-12T12:00:00-05:00","Browns",31,10,"Steelers",21,1,"2014-10-12",29.0323,52.8571,-23.8248
2014,6,"2014-10-12T12:00:00-05:00","Buccaneers",17,48,"Ravens",-31,0,"2014-10-12",31.9392,60.5263,-28.5871
2014,6,"2014-10-12T12:00:00-05:00","Dolphins",24,27,"Packers",-3,0,"2014-10-12",28.5714,77.4908,-48.9194
2014,6,"2014-10-12T12:00:00-05:00","Falcons",13,27,"Bears",-14,0,"2014-10-12",48.7973,66.5289,-17.7316
2014,6,"2014-10-12T12:00:00-05:00","Jets",17,31,"Broncos",-14,0,"2014-10-12",31.7647,84.7015,-52.9368
2014,6,"2014-10-12T12:00:00-05:00","Titans",16,14,"Jaguars",2,1,"2014-10-12",14.9635,15.6,-0.6365
2014,6,"2014-10-12T12:00:00-05:00","Vikings",3,17,"Lions",-14,0,"2014-10-12",32.2581,53.0075,-20.7494
2014,6,"2014-10-12T15:05:00-05:00","Raiders",28,31,"Chargers",-3,0,"2014-10-12",25.2918,55.9701,-30.6783
2014,6,"2014-10-12T15:25:00-05:00","Cardinals",30,20,"Redskins",10,1,"2014-10-12",43.083,32.7206,10.3624
2014,6,"2014-10-12T15:25:00-05:00","Seahawks",23,30,"Cowboys",-7,0,"2014-10-12",92.6829,29.4498,63.2331
2014,6,"2014-10-12T19:30:00-05:00","Eagles",27,0,"Giants",27,1,"2014-10-12",71.374,52.0161,19.3579
2014,6,"2014-10-13T19:30:00-05:00","Rams",17,31,"49ers",-14,0,"2014-10-13",37.1542,90.0685,-52.9143
2014,7,"2014-10-16T19:25:00-05:00","Patriots",27,25,"Jets",2,1,"2014-10-16",83.7037,31.7647,51.939
2014,7,"2014-10-19T12:00:00-05:00","Bears",14,27,"Dolphins",-13,0,"2014-10-19",66.5289,28.5714,37.9575
2014,7,"2014-10-19T12:00:00-05:00","Bills",17,16,"Vikings",1,1,"2014-10-19",28.3154,32.2581,-3.9427
2014,7,"2014-10-19T12:00:00-05:00","Colts",27,0,"Bengals",27,1,"2014-10-19",61.7886,54.7325,7.0561
2014,7,"2014-10-19T12:00:00-05:00","Jaguars",24,6,"Browns",18,1,"2014-10-19",15.6,29.0323,-13.4323
2014,7,"2014-10-19T12:00:00-05:00","Lions",24,23,"Saints",1,1,"2014-10-19",53.0075,76,-22.9925
2014,7,"2014-10-19T12:00:00-05:00","Packers",38,17,"Panthers",21,1,"2014-10-19",77.4908,57.3077,20.1831
2014,7,"2014-10-19T12:00:00-05:00","Rams",28,26,"Seahawks",2,1,"2014-10-19",37.1542,92.6829,-55.5287
2014,7,"2014-10-19T12:00:00-05:00","Ravens",29,7,"Falcons",22,1,"2014-10-19",60.5263,48.7973,11.729
2014,7,"2014-10-19T12:00:00-05:00","Redskins",19,17,"Titans",2,1,"2014-10-19",32.7206,14.9635,17.7571
2014,7,"2014-10-19T15:05:00-05:00","Chargers",20,23,"Chiefs",-3,0,"2014-10-19",55.9701,53.1136,2.8565
2014,7,"2014-10-19T15:25:00-05:00","Cowboys",31,21,"Giants",10,1,"2014-10-19",29.4498,52.0161,-22.5663
2014,7,"2014-10-19T15:25:00-05:00","Raiders",13,24,"Cardinals",-11,0,"2014-10-19",25.2918,43.083,-17.7912
2014,7,"2014-10-19T19:30:00-05:00","Broncos",42,17,"49ers",25,1,"2014-10-19",84.7015,90.0685,-5.367
2014,7,"2014-10-20T19:30:00-05:00","Steelers",30,23,"Texans",7,1,"2014-10-20",52.8571,29.4355,23.4216
2014,8,"2014-10-23T19:25:00-05:00","Broncos",35,21,"Chargers",14,1,"2014-10-23",84.7015,55.9701,28.7314
2014,8,"2014-10-26T12:00:00-05:00","Bengals",27,24,"Ravens",3,1,"2014-10-26",54.7325,60.5263,-5.7938
2014,8,"2014-10-26T12:00:00-05:00","Buccaneers",13,19,"Vikings",-6,0,"2014-10-26",31.9392,32.2581,-0.318899999999999
2014,8,"2014-10-26T12:00:00-05:00","Chiefs",34,7,"Rams",27,1,"2014-10-26",53.1136,37.1542,15.9594
2014,8,"2014-10-26T12:00:00-05:00","Falcons",21,22,"Lions",-1,0,"2014-10-26",48.7973,53.0075,-4.2102
2014,8,"2014-10-26T12:00:00-05:00","Jaguars",13,27,"Dolphins",-14,0,"2014-10-26",15.6,28.5714,-12.9714
2014,8,"2014-10-26T12:00:00-05:00","Jets",23,43,"Bills",-20,0,"2014-10-26",31.7647,28.3154,3.4493
2014,8,"2014-10-26T12:00:00-05:00","Panthers",9,13,"Seahawks",-4,0,"2014-10-26",57.3077,92.6829,-35.3752
2014,8,"2014-10-26T12:00:00-05:00","Patriots",51,23,"Bears",28,1,"2014-10-26",83.7037,66.5289,17.1748
2014,8,"2014-10-26T12:00:00-05:00","Titans",16,30,"Texans",-14,0,"2014-10-26",14.9635,29.4355,-14.472
2014,8,"2014-10-26T15:05:00-05:00","Cardinals",24,20,"Eagles",4,1,"2014-10-26",43.083,71.374,-28.291
2014,8,"2014-10-26T15:25:00-05:00","Browns",23,13,"Raiders",10,1,"2014-10-26",29.0323,25.2918,3.7405
2014,8,"2014-10-26T15:25:00-05:00","Steelers",51,34,"Colts",17,1,"2014-10-26",52.8571,61.7886,-8.9315
2014,8,"2014-10-26T19:30:00-05:00","Saints",44,23,"Packers",21,1,"2014-10-26",76,77.4908,-1.49079999999999
2014,8,"2014-10-27T19:30:00-05:00","Cowboys",17,20,"Redskins",-3,0,"2014-10-27",29.4498,32.7206,-3.2708
2014,9,"2014-10-30T19:25:00-05:00","Panthers",10,28,"Saints",-18,0,"2014-10-30",57.3077,76,-18.6923
2014,9,"2014-11-02T12:00:00-05:00","Bengals",33,23,"Jaguars",10,1,"2014-11-02",54.7325,15.6,39.1325
2014,9,"2014-11-02T12:00:00-05:00","Browns",22,17,"Buccaneers",5,1,"2014-11-02",29.0323,31.9392,-2.9069
2014,9,"2014-11-02T12:00:00-05:00","Chiefs",24,10,"Jets",14,1,"2014-11-02",53.1136,31.7647,21.3489
2014,9,"2014-11-02T12:00:00-05:00","Cowboys",17,28,"Cardinals",-11,0,"2014-11-02",29.4498,43.083,-13.6332
2014,9,"2014-11-02T12:00:00-05:00","Dolphins",37,0,"Chargers",37,1,"2014-11-02",28.5714,55.9701,-27.3987
2014,9,"2014-11-02T12:00:00-05:00","Texans",21,31,"Eagles",-10,0,"2014-11-02",29.4355,71.374,-41.9385
2014,9,"2014-11-02T12:00:00-05:00","Vikings",29,26,"Redskins",3,1,"2014-11-02",32.2581,32.7206,-0.462499999999999
2014,9,"2014-11-02T15:05:00-05:00","49ers",10,13,"Rams",-3,0,"2014-11-02",90.0685,37.1542,52.9143
2014,9,"2014-11-02T15:25:00-05:00","Patriots",43,21,"Broncos",22,1,"2014-11-02",83.7037,84.7015,-0.997799999999998
2014,9,"2014-11-02T15:25:00-05:00","Seahawks",30,24,"Raiders",6,1,"2014-11-02",92.6829,25.2918,67.3911
2014,9,"2014-11-02T19:30:00-05:00","Steelers",43,23,"Ravens",20,1,"2014-11-02",52.8571,60.5263,-7.6692
2014,9,"2014-11-03T19:30:00-06:00","Giants",24,40,"Colts",-16,0,"2014-11-03",52.0161,61.7886,-9.7725
2014,10,"2014-11-06T19:25:00-06:00","Bengals",3,24,"Browns",-21,0,"2014-11-06",54.7325,29.0323,25.7002
2014,10,"2014-11-09T12:00:00-06:00","Bills",13,17,"Chiefs",-4,0,"2014-11-09",28.3154,53.1136,-24.7982
2014,10,"2014-11-09T12:00:00-06:00","Buccaneers",17,27,"Falcons",-10,0,"2014-11-09",31.9392,48.7973,-16.8581
2014,10,"2014-11-09T12:00:00-06:00","Jaguars",17,31,"Cowboys",-14,0,"2014-11-09",15.6,29.4498,-13.8498
2014,10,"2014-11-09T12:00:00-06:00","Jets",20,13,"Steelers",7,1,"2014-11-09",31.7647,52.8571,-21.0924
2014,10,"2014-11-09T12:00:00-06:00","Lions",20,16,"Dolphins",4,1,"2014-11-09",53.0075,28.5714,24.4361
2014,10,"2014-11-09T12:00:00-06:00","Ravens",21,7,"Titans",14,1,"2014-11-09",60.5263,14.9635,45.5628
2014,10,"2014-11-09T12:00:00-06:00","Saints",24,27,"49ers",-3,0,"2014-11-09",76,90.0685,-14.0685
2014,10,"2014-11-09T15:05:00-06:00","Raiders",17,41,"Broncos",-24,0,"2014-11-09",25.2918,84.7015,-59.4097
2014,10,"2014-11-09T15:25:00-06:00","Cardinals",31,14,"Rams",17,1,"2014-11-09",43.083,37.1542,5.9288
2014,10,"2014-11-09T15:25:00-06:00","Seahawks",38,17,"Giants",21,1,"2014-11-09",92.6829,52.0161,40.6668
2014,10,"2014-11-09T19:30:00-06:00","Packers",55,14,"Bears",41,1,"2014-11-09",77.4908,66.5289,10.9619
2014,10,"2014-11-10T19:30:00-06:00","Eagles",45,21,"Panthers",24,1,"2014-11-10",71.374,57.3077,14.0663
2014,11,"2014-11-13T19:25:00-06:00","Dolphins",22,9,"Bills",13,1,"2014-11-13",28.5714,28.3154,0.256
2014,11,"2014-11-16T12:00:00-06:00","Bears",21,13,"Vikings",8,1,"2014-11-16",66.5289,32.2581,34.2708
2014,11,"2014-11-16T12:00:00-06:00","Browns",7,23,"Texans",-16,0,"2014-11-16",29.0323,29.4355,-0.403200000000002
2014,11,"2014-11-16T12:00:00-06:00","Chiefs",24,20,"Seahawks",4,1,"2014-11-16",53.1136,92.6829,-39.5693
2014,11,"2014-11-16T12:00:00-06:00","Giants",10,16,"49ers",-6,0,"2014-11-16",52.0161,90.0685,-38.0524
2014,11,"2014-11-16T12:00:00-06:00","Packers",53,20,"Eagles",33,1,"2014-11-16",77.4908,71.374,6.1168
2014,11,"2014-11-16T12:00:00-06:00","Panthers",17,19,"Falcons",-2,0,"2014-11-16",57.3077,48.7973,8.5104
2014,11,"2014-11-16T12:00:00-06:00","Rams",22,7,"Broncos",15,1,"2014-11-16",37.1542,84.7015,-47.5473
2014,11,"2014-11-16T12:00:00-06:00","Redskins",7,27,"Buccaneers",-20,0,"2014-11-16",32.7206,31.9392,0.781399999999998
2014,11,"2014-11-16T12:00:00-06:00","Saints",10,27,"Bengals",-17,0,"2014-11-16",76,54.7325,21.2675
2014,11,"2014-11-16T15:05:00-06:00","Chargers",13,6,"Raiders",7,1,"2014-11-16",55.9701,25.2918,30.6783
2014,11,"2014-11-16T15:25:00-06:00","Cardinals",14,6,"Lions",8,1,"2014-11-16",43.083,53.0075,-9.9245
2014,11,"2014-11-16T19:30:00-06:00","Colts",20,42,"Patriots",-22,0,"2014-11-16",61.7886,83.7037,-21.9151
2014,11,"2014-11-17T19:30:00-06:00","Titans",24,27,"Steelers",-3,0,"2014-11-17",14.9635,52.8571,-37.8936
2014,12,"2014-11-20T19:25:00-06:00","Raiders",24,20,"Chiefs",4,1,"2014-11-20",25.2918,53.1136,-27.8218
2014,12,"2014-11-23T12:00:00-06:00","Bears",21,13,"Buccaneers",8,1,"2014-11-23",66.5289,31.9392,34.5897
2014,12,"2014-11-23T12:00:00-06:00","Bills",38,3,"Jets",35,1,"2014-11-23",28.3154,31.7647,-3.4493
2014,12,"2014-11-23T12:00:00-06:00","Colts",23,3,"Jaguars",20,1,"2014-11-23",61.7886,15.6,46.1886
2014,12,"2014-11-23T12:00:00-06:00","Eagles",43,24,"Titans",19,1,"2014-11-23",71.374,14.9635,56.4105
2014,12,"2014-11-23T12:00:00-06:00","Falcons",24,26,"Browns",-2,0,"2014-11-23",48.7973,29.0323,19.765
2014,12,"2014-11-23T12:00:00-06:00","Patriots",34,9,"Lions",25,1,"2014-11-23",83.7037,53.0075,30.6962
2014,12,"2014-11-23T12:00:00-06:00","Texans",13,22,"Bengals",-9,0,"2014-11-23",29.4355,54.7325,-25.297
2014,12,"2014-11-23T12:00:00-06:00","Vikings",21,24,"Packers",-3,0,"2014-11-23",32.2581,77.4908,-45.2327
2014,12,"2014-11-23T15:05:00-06:00","Chargers",27,24,"Rams",3,1,"2014-11-23",55.9701,37.1542,18.8159
2014,12,"2014-11-23T15:05:00-06:00","Seahawks",19,3,"Cardinals",16,1,"2014-11-23",92.6829,43.083,49.5999
2014,12,"2014-11-23T15:25:00-06:00","49ers",17,13,"Redskins",4,1,"2014-11-23",90.0685,32.7206,57.3479
2014,12,"2014-11-23T15:25:00-06:00","Broncos",39,36,"Dolphins",3,1,"2014-11-23",84.7015,28.5714,56.1301
2014,12,"2014-11-23T19:30:00-06:00","Giants",28,31,"Cowboys",-3,0,"2014-11-23",52.0161,29.4498,22.5663
2014,12,"2014-11-24T19:30:00-06:00","Saints",27,34,"Ravens",-7,0,"2014-11-24",76,60.5263,15.4737
2014,13,"2014-11-27T15:30:00-06:00","Cowboys",10,33,"Eagles",-23,0,"2014-11-27",29.4498,71.374,-41.9242
2014,13,"2014-11-27T19:30:00-06:00","49ers",3,19,"Seahawks",-16,0,"2014-11-27",90.0685,92.6829,-2.6144
2014,13,"2014-11-27T23:30:00-06:00","Lions",34,17,"Bears",17,1,"2014-11-27",53.0075,66.5289,-13.5214
2014,13,"2014-11-30T12:00:00-06:00","Bills",26,10,"Browns",16,1,"2014-11-30",28.3154,29.0323,-0.716899999999999
2014,13,"2014-11-30T12:00:00-06:00","Buccaneers",13,14,"Bengals",-1,0,"2014-11-30",31.9392,54.7325,-22.7933
2014,13,"2014-11-30T12:00:00-06:00","Colts",49,27,"Redskins",22,1,"2014-11-30",61.7886,32.7206,29.068
2014,13,"2014-11-30T12:00:00-06:00","Jaguars",25,24,"Giants",1,1,"2014-11-30",15.6,52.0161,-36.4161
2014,13,"2014-11-30T12:00:00-06:00","Rams",52,0,"Raiders",52,1,"2014-11-30",37.1542,25.2918,11.8624
2014,13,"2014-11-30T12:00:00-06:00","Ravens",33,34,"Chargers",-1,0,"2014-11-30",60.5263,55.9701,4.5562
2014,13,"2014-11-30T12:00:00-06:00","Steelers",32,35,"Saints",-3,0,"2014-11-30",52.8571,76,-23.1429
2014,13,"2014-11-30T12:00:00-06:00","Texans",45,21,"Titans",24,1,"2014-11-30",29.4355,14.9635,14.472
2014,13,"2014-11-30T12:00:00-06:00","Vikings",31,13,"Panthers",18,1,"2014-11-30",32.2581,57.3077,-25.0496
2014,13,"2014-11-30T15:05:00-06:00","Falcons",29,18,"Cardinals",11,1,"2014-11-30",48.7973,43.083,5.7143
2014,13,"2014-11-30T15:25:00-06:00","Packers",26,21,"Patriots",5,1,"2014-11-30",77.4908,83.7037,-6.2129
2014,13,"2014-11-30T19:30:00-06:00","Chiefs",16,29,"Broncos",-13,0,"2014-11-30",53.1136,84.7015,-31.5879
2014,13,"2014-12-01T19:30:00-06:00","Jets",13,16,"Dolphins",-3,0,"2014-12-01",31.7647,28.5714,3.1933
2014,14,"2014-12-04T19:25:00-06:00","Bears",28,41,"Cowboys",-13,0,"2014-12-04",66.5289,29.4498,37.0791
2014,14,"2014-12-07T12:00:00-06:00","Bengals",21,42,"Steelers",-21,0,"2014-12-07",54.7325,52.8571,1.8754
2014,14,"2014-12-07T12:00:00-06:00","Browns",24,25,"Colts",-1,0,"2014-12-07",29.0323,61.7886,-32.7563
2014,14,"2014-12-07T12:00:00-06:00","Dolphins",13,28,"Ravens",-15,0,"2014-12-07",28.5714,60.5263,-31.9549
2014,14,"2014-12-07T12:00:00-06:00","Jaguars",13,27,"Texans",-14,0,"2014-12-07",15.6,29.4355,-13.8355
2014,14,"2014-12-07T12:00:00-06:00","Lions",34,17,"Buccaneers",17,1,"2014-12-07",53.0075,31.9392,21.0683
2014,14,"2014-12-07T12:00:00-06:00","Redskins",0,24,"Rams",-24,0,"2014-12-07",32.7206,37.1542,-4.43360000000001
2014,14,"2014-12-07T12:00:00-06:00","Saints",10,41,"Panthers",-31,0,"2014-12-07",76,57.3077,18.6923
2014,14,"2014-12-07T12:00:00-06:00","Titans",7,36,"Giants",-29,0,"2014-12-07",14.9635,52.0161,-37.0526
2014,14,"2014-12-07T12:00:00-06:00","Vikings",30,24,"Jets",6,1,"2014-12-07",32.2581,31.7647,0.493399999999998
2014,14,"2014-12-07T15:05:00-06:00","Broncos",24,17,"Bills",7,1,"2014-12-07",84.7015,28.3154,56.3861
2014,14,"2014-12-07T15:05:00-06:00","Cardinals",17,14,"Chiefs",3,1,"2014-12-07",43.083,53.1136,-10.0306
2014,14,"2014-12-07T15:25:00-06:00","Eagles",14,24,"Seahawks",-10,0,"2014-12-07",71.374,92.6829,-21.3089
2014,14,"2014-12-07T15:25:00-06:00","Raiders",24,13,"49ers",11,1,"2014-12-07",25.2918,90.0685,-64.7767
2014,14,"2014-12-07T19:30:00-06:00","Chargers",14,23,"Patriots",-9,0,"2014-12-07",55.9701,83.7037,-27.7336
2014,14,"2014-12-08T19:30:00-06:00","Packers",43,37,"Falcons",6,1,"2014-12-08",77.4908,48.7973,28.6935
2014,15,"2014-12-11T19:25:00-06:00","Rams",6,12,"Cardinals",-6,0,"2014-12-11",37.1542,43.083,-5.9288
2014,15,"2014-12-14T12:00:00-06:00","Bills",21,13,"Packers",8,1,"2014-12-14",28.3154,77.4908,-49.1754
2014,15,"2014-12-14T12:00:00-06:00","Browns",0,30,"Bengals",-30,0,"2014-12-14",29.0323,54.7325,-25.7002
2014,15,"2014-12-14T12:00:00-06:00","Chiefs",31,13,"Raiders",18,1,"2014-12-14",53.1136,25.2918,27.8218
2014,15,"2014-12-14T12:00:00-06:00","Colts",17,10,"Texans",7,1,"2014-12-14",61.7886,29.4355,32.3531
2014,15,"2014-12-14T12:00:00-06:00","Falcons",20,27,"Steelers",-7,0,"2014-12-14",48.7973,52.8571,-4.0598
2014,15,"2014-12-14T12:00:00-06:00","Giants",24,13,"Redskins",11,1,"2014-12-14",52.0161,32.7206,19.2955
2014,15,"2014-12-14T12:00:00-06:00","Lions",16,14,"Vikings",2,1,"2014-12-14",53.0075,32.2581,20.7494
2014,15,"2014-12-14T12:00:00-06:00","Panthers",19,17,"Buccaneers",2,1,"2014-12-14",57.3077,31.9392,25.3685
2014,15,"2014-12-14T12:00:00-06:00","Patriots",41,13,"Dolphins",28,1,"2014-12-14",83.7037,28.5714,55.1323
2014,15,"2014-12-14T12:00:00-06:00","Ravens",20,12,"Jaguars",8,1,"2014-12-14",60.5263,15.6,44.9263
2014,15,"2014-12-14T15:05:00-06:00","Chargers",10,22,"Broncos",-12,0,"2014-12-14",55.9701,84.7015,-28.7314
2014,15,"2014-12-14T15:05:00-06:00","Titans",11,16,"Jets",-5,0,"2014-12-14",14.9635,31.7647,-16.8012
2014,15,"2014-12-14T15:25:00-06:00","Seahawks",17,7,"49ers",10,1,"2014-12-14",92.6829,90.0685,2.6144
2014,15,"2014-12-14T19:30:00-06:00","Eagles",27,38,"Cowboys",-11,0,"2014-12-14",71.374,29.4498,41.9242
2014,15,"2014-12-15T19:30:00-06:00","Bears",15,31,"Saints",-16,0,"2014-12-15",66.5289,76,-9.47110000000001
2014,16,"2014-12-18T19:25:00-06:00","Jaguars",21,13,"Titans",8,1,"2014-12-18",15.6,14.9635,0.6365
2014,16,"2014-12-20T15:30:00-06:00","49ers",35,38,"Chargers",-3,0,"2014-12-20",90.0685,55.9701,34.0984
2014,16,"2014-12-20T15:30:00-06:00","Redskins",27,24,"Eagles",3,1,"2014-12-20",32.7206,71.374,-38.6534
2014,16,"2014-12-21T12:00:00-06:00","Bears",14,20,"Lions",-6,0,"2014-12-21",66.5289,53.0075,13.5214
2014,16,"2014-12-21T12:00:00-06:00","Buccaneers",3,20,"Packers",-17,0,"2014-12-21",31.9392,77.4908,-45.5516
2014,16,"2014-12-21T12:00:00-06:00","Dolphins",37,35,"Vikings",2,1,"2014-12-21",28.5714,32.2581,-3.6867
2014,16,"2014-12-21T12:00:00-06:00","Jets",16,17,"Patriots",-1,0,"2014-12-21",31.7647,83.7037,-51.939
2014,16,"2014-12-21T12:00:00-06:00","Panthers",17,13,"Browns",4,1,"2014-12-21",57.3077,29.0323,28.2754
2014,16,"2014-12-21T12:00:00-06:00","Saints",14,30,"Falcons",-16,0,"2014-12-21",76,48.7973,27.2027
2014,16,"2014-12-21T12:00:00-06:00","Steelers",20,12,"Chiefs",8,1,"2014-12-21",52.8571,53.1136,-0.256499999999996
2014,16,"2014-12-21T12:00:00-06:00","Texans",25,13,"Ravens",12,1,"2014-12-21",29.4355,60.5263,-31.0908
2014,16,"2014-12-21T15:05:00-06:00","Rams",27,37,"Giants",-10,0,"2014-12-21",37.1542,52.0161,-14.8619
2014,16,"2014-12-21T15:25:00-06:00","Cowboys",42,7,"Colts",35,1,"2014-12-21",29.4498,61.7886,-32.3388
2014,16,"2014-12-21T15:25:00-06:00","Raiders",26,24,"Bills",2,1,"2014-12-21",25.2918,28.3154,-3.0236
2014,16,"2014-12-21T19:30:00-06:00","Cardinals",6,35,"Seahawks",-29,0,"2014-12-21",43.083,92.6829,-49.5999
2014,16,"2014-12-22T19:30:00-06:00","Bengals",37,28,"Broncos",9,1,"2014-12-22",54.7325,84.7015,-29.969
2014,17,"2014-12-28T12:00:00-06:00","Buccaneers",20,23,"Saints",-3,0,"2014-12-28",31.9392,76,-44.0608
2014,17,"2014-12-28T12:00:00-06:00","Chiefs",19,7,"Chargers",12,1,"2014-12-28",53.1136,55.9701,-2.8565
2014,17,"2014-12-28T12:00:00-06:00","Dolphins",24,37,"Jets",-13,0,"2014-12-28",28.5714,31.7647,-3.1933
2014,17,"2014-12-28T12:00:00-06:00","Falcons",3,34,"Panthers",-31,0,"2014-12-28",48.7973,57.3077,-8.5104
2014,17,"2014-12-28T12:00:00-06:00","Giants",26,34,"Eagles",-8,0,"2014-12-28",52.0161,71.374,-19.3579
2014,17,"2014-12-28T12:00:00-06:00","Packers",30,20,"Lions",10,1,"2014-12-28",77.4908,53.0075,24.4833
2014,17,"2014-12-28T12:00:00-06:00","Patriots",9,17,"Bills",-8,0,"2014-12-28",83.7037,28.3154,55.3883
2014,17,"2014-12-28T12:00:00-06:00","Ravens",20,10,"Browns",10,1,"2014-12-28",60.5263,29.0323,31.494
2014,17,"2014-12-28T12:00:00-06:00","Redskins",17,44,"Cowboys",-27,0,"2014-12-28",32.7206,29.4498,3.2708
2014,17,"2014-12-28T12:00:00-06:00","Steelers",27,17,"Bengals",10,1,"2014-12-28",52.8571,54.7325,-1.8754
2014,17,"2014-12-28T12:00:00-06:00","Texans",23,17,"Jaguars",6,1,"2014-12-28",29.4355,15.6,13.8355
2014,17,"2014-12-28T12:00:00-06:00","Titans",10,27,"Colts",-17,0,"2014-12-28",14.9635,61.7886,-46.8251
2014,17,"2014-12-28T12:00:00-06:00","Vikings",13,9,"Bears",4,1,"2014-12-28",32.2581,66.5289,-34.2708
2014,17,"2014-12-28T15:25:00-06:00","49ers",20,17,"Cardinals",3,1,"2014-12-28",90.0685,43.083,46.9855
2014,17,"2014-12-28T15:25:00-06:00","Broncos",47,14,"Raiders",33,1,"2014-12-28",84.7015,25.2918,59.4097
2014,17,"2014-12-28T15:25:00-06:00","Seahawks",20,6,"Rams",14,1,"2014-12-28",92.6829,37.1542,55.5287
2014,18,"2015-01-03T16:20:00-05:00","Panthers",27,16,"Cardinals",11,1,"2015-01-03",57.3077,43.083,14.2247
2014,18,"2015-01-03T20:15:00-05:00","Steelers",17,30,"Ravens",-13,0,"2015-01-03",52.8571,60.5263,-7.6692
2014,18,"2015-01-04T13:05:00-05:00","Colts",26,10,"Bengals",16,1,"2015-01-04",61.7886,54.7325,7.0561
2014,18,"2015-01-04T16:40:00-05:00","Cowboys",24,20,"Lions",4,1,"2015-01-04",29.4498,53.0075,-23.5577
2014,19,"2015-01-10T16:35:00-05:00","Patriots",35,31,"Ravens",4,1,"2015-01-10",83.7037,60.5263,23.1774
2014,19,"2015-01-10T20:15:00-05:00","Seahawks",31,17,"Panthers",14,1,"2015-01-10",92.6829,57.3077,35.3752
2014,19,"2015-01-11T13:05:00-05:00","Packers",26,21,"Cowboys",5,1,"2015-01-11",77.4908,29.4498,48.041
2014,19,"2015-01-11T16:40:00-05:00","Broncos",13,24,"Colts",-11,0,"2015-01-11",84.7015,61.7886,22.9129
2014,20,"2015-01-18T15:00:00-05:00","Seahawks",28,22,"Packers",6,1,"2015-01-18",92.6829,77.4908,15.1921
2014,20,"2015-01-18T18:30:00-05:00","Patriots",45,7,"Colts",38,1,"2015-01-18",83.7037,61.7886,21.9151
2014,21,"2015-02-01T18:30:00-05:00","Seahawks",24,28,"Patriots",-4,0,"2015-02-01",92.6829,83.7037,8.97920000000001
